Battlefield,2.34,Geen reivew
Lethal,3.5,Geen reivew
Lethal,5.0,Geen reivew
Battlefield,1.10,Geen reivew
COD,4.0,ldfgkljdfg
COD,1.0,Geen reivew
COD,1.0,Geen reivew
COD,1.0,null
COD,5.0,Geen reivew
COD,3.0,Geen reivew
Battlefield,3.0,Geen reivew
Animal Crossing,3.0,Geen opmerking
Animal Crossing,2.0,Geen opmerking
Battlefield,3.4,Geen opmerking
COD,5.0,Geen opmerking
Battlefield,5.0,Geen opmerking
Battlefield,5.0,Geen opmerking
Battlefield,5.0,Geen opmerking
Battlefield,45.0,Geen opmerking
Battlefield,5.0,Geen opmerking
COD,45.0,Geen opmerking
Battlefield,5.0,Geen opmerking
COD,5.0,Geen opmerking
COD,5.0,Geen opmerking
Battlefield,5.0,Geen opmerking
Battlefield,5.0,3i491234kldsjshdfuhksdf
COD,5.0,Geen opmerking
Battlefield,3.0,Geen opmerking
Battlefield,5.0,Geen opmerking
Battlefield,5.0,Geen opmerking
COD,5.0,Geen opmerking
Battlefield,5.0,Geen opmerking
COD,5.0,Geen opmerking
COD,5.0,Geen opmerking
COD,5.0,Geen opmerking
COD,5.0,Geen opmerking
COD,5.0,Geen opmerking
Battlefield,5.0,Geen opmerking
Battlefield,5.0,Geen opmerking
Animal Crossing,5.0,Geen opmerking
Animal Crossing,5.0,gdhfghcnfgh
Battlefield,5.0,Geen opmerking
COD,5.0,Geen opmerking
Animal Crossing,4.0,Geen opmerking
Animal Crossing,4.0,Geen opmerking
COD,5.0,Geen opmerking
COD,5.0,Geen opmerking
COD,5.0,Geen opmerking
Battlefield,5.0,Geen opmerking
Battlefield,5.0,Geen opmerking
Battlefield,5.0,Geen opmerking
Battlefield,5.0,Geen opmerking
COD,5.0,Geen opmerking
COD,5.0,Geen opmerking
COD,5.0,Geen opmerking
Battlefield,3.0,asduhjkas
COD,4.0,Geen opmerking
Battlefield,4.0,Geen opmerking
COD,5.0,Geen opmerking
Battlefield,4.0,Geen opmerking
Battlefield,4.0,Geen opmerking
Battlefield,5.0,Geen opmerking
Battlefield,4.0,opsddfj
Battlefield,4.0,Geen opmerking
